# Historical capture: predates Retina viewport fix; did not cover the full Retina window. Do not use for renderer comparisons.
case,frames,draw_submit_mean_ms,present_mean_ms,frame_median_ms,frame_p95_ms,submissions,updates,uploaded_pixels,creations,gc_heap_delta_bytes
# sprites_separate renderer=Apple M4 Max
sprites_separate,120,6.535841664784432,1.7971250010305084,8.207000035326928,9.274000010918826,491520,0,0,0,0
# sprites_atlas renderer=Apple M4 Max
sprites_atlas,120,0.1369666691365031,0.2099916644510813,0.24499994469806552,0.6949999951757491,480,0,0,0,0
# text_cached renderer=Apple M4 Max
text_cached,120,0.040466665814165026,0.18598333408590406,0.1700000138953328,0.23100001271814108,120,0,0,0,344064
# text_changing renderer=Apple M4 Max
text_changing,120,0.16591666596165547,0.2302000008057803,0.2300000051036477,1.412999990861863,160,0,0,0,0
# atlas_one_edit renderer=Apple M4 Max
atlas_one_edit,120,0.03973333320269982,0.18417500104987994,0.1479999627918005,0.25099999038502574,120,120,38880,0,0
# atlas_two_edits renderer=Apple M4 Max
atlas_two_edits,120,0.04603333460787932,0.1791416657700514,0.1480000209994614,0.31400000443682075,120,120,77760,0,0
# target_alpha renderer=Apple M4 Max
target_alpha,120,0.3386583329605249,0.503499999952813,0.6509999511763453,2.263000002130866,1920,0,0,0,0
# target_solid renderer=Apple M4 Max
target_solid,120,0.32690000274063397,0.5257083301936897,0.5990000208839774,3.015000023879111,1920,0,0,0,0
# text_density_changes renderer=Apple M4 Max
text_density_changes,120,0.01769166992744431,0.1520166639238596,0.12799998512491584,0.1830000546760857,120,0,0,0,0
# resource_cycle=0 gc_heap_bytes=12779520 delta_from_first=0 closed_context_frames=0
# resource_cycle=1 gc_heap_bytes=11960320 delta_from_first=-819200 closed_context_frames=0
# resource_cycle=2 gc_heap_bytes=12288000 delta_from_first=-491520 closed_context_frames=0
# resource_cycle=3 gc_heap_bytes=12697600 delta_from_first=-81920 closed_context_frames=0
# resource_cycle=4 gc_heap_bytes=12697600 delta_from_first=-81920 closed_context_frames=0
# resource_cycle=5 gc_heap_bytes=11124736 delta_from_first=-1654784 closed_context_frames=0
# resource_cycle=6 gc_heap_bytes=11124736 delta_from_first=-1654784 closed_context_frames=0
# resource_cycle=7 gc_heap_bytes=11124736 delta_from_first=-1654784 closed_context_frames=0
# resource_cycle=8 gc_heap_bytes=11124736 delta_from_first=-1654784 closed_context_frames=0
# resource_cycle=9 gc_heap_bytes=11124736 delta_from_first=-1654784 closed_context_frames=0
# resource_cycle=10 gc_heap_bytes=11124736 delta_from_first=-1654784 closed_context_frames=0
# resource_cycle=11 gc_heap_bytes=11124736 delta_from_first=-1654784 closed_context_frames=0
# benchmark complete
