frame,total_ms,update_draw_ms,flip_clear_ms
0,17.081999976653606,0.03899994771927595,17.04300002893433
1,16.528000007383525,0.05299999611452222,16.475000011269003
2,15.666999970562756,0.0439999857917428,15.622999984771013
3,17.684000020381063,0.05600001895800233,17.62800000142306
4,17.177000001538545,0.05299999611452222,17.124000005424023
5,16.600999981164932,0.05500001134350896,16.545999969821423
6,16.245000006165355,0.15400000847876072,16.090999997686595
7,17.914999974891543,0.06900000153109431,17.84599997336045
8,16.401000029873103,0.04499999340623617,16.356000036466867
9,14.927999989595264,0.04099996294826269,14.887000026647002
10,17.447000020183623,0.040000013541430235,17.407000006642193
11,17.932999995537102,0.14099996769800782,17.792000027839094
12,16.59999997355044,0.17699995078146458,16.423000022768974
13,15.160000009927899,0.06699998630210757,15.093000023625791
14,17.43399997940287,0.0439999857917428,17.389999993611127
15,15.367000014521182,0.04700000863522291,15.320000005885959
16,17.697000002954155,0.0570000265724957,17.63999997638166
17,15.65299998037517,0.04800001624971628,15.604999964125454
18,17.44900003541261,0.039000005926936865,17.410000029485673
19,16.982999979518354,0.04299997817724943,16.940000001341105
20,16.371999983675778,0.04999997327104211,16.322000010404736
21,17.351999995298684,0.0570000265724957,17.294999968726188
22,16.3390000234358,0.05800003418698907,16.280999989248812
23,17.198999994434416,0.04999997327104211,17.149000021163374
24,16.153000004123896,0.05099998088553548,16.10200002323836
25,16.131999960634857,0.04999997327104211,16.081999987363815
26,16.907000041101128,0.1360000460408628,16.770999995060265
27,17.58499996503815,0.05299999611452222,17.53199996892363
28,16.842000011820346,0.05299999611452222,16.789000015705824
29,16.230000008363277,0.04899996565654874,16.181000042706728
30,16.884999989997596,0.40199997602030635,16.48300001397729
31,16.997999977320433,0.04700000863522291,16.95099996868521
32,16.010000021196902,0.06400002166628838,15.945999999530613
33,16.257999988738447,0.14600000577047467,16.111999982967973
34,17.164000018965453,0.17200002912431955,16.991999989841133
35,16.153000004123896,0.14099996769800782,16.01200003642589
36,17.68299995455891,0.14099996769800782,17.5419999868609
37,16.691000026185066,0.05900004180148244,16.631999984383583
38,16.622999974060804,0.33199996687471867,16.291000007186085
39,15.473000006750226,0.13800000306218863,15.335000003688037
40,16.991999989841133,0.06499997107312083,16.927000018768013
41,16.69200003379956,0.04900002386420965,16.64300000993535
42,16.383999958634377,0.05400000372901559,16.32999995490536
43,17.690000007860363,0.04900002386420965,17.640999983996153
44,17.254000005777925,0.05199998850002885,17.202000017277896
45,15.032999974209815,0.041000021155923605,14.991999953053892
46,16.571000043768436,0.04700000863522291,16.524000035133213
47,16.859999974258244,0.04499999340623617,16.814999980852008
48,16.68300002347678,0.14299998292699456,16.540000040549785
49,16.207999957259744,0.05199998850002885,16.155999968759716
50,17.04900001641363,0.15199999324977398,16.897000023163855
51,17.035000026226044,0.05099998088553548,16.984000045340508
52,16.616999986581504,0.34899997990578413,16.26800000667572
53,17.806999967433512,0.058999983593821526,17.74799998383969
54,14.755000011064112,0.05600001895800233,14.69899999210611
55,16.857000009622425,0.14000001829117537,16.71699999133125
56,17.84899999620393,0.054999953135848045,17.79400004306808
57,15.727999969385564,0.06299995584413409,15.66500001354143
58,17.266999988351017,0.06699998630210757,17.20000000204891
59,17.213999992236495,0.18400000408291817,17.029999988153577
60,15.528000018093735,0.05100003909319639,15.476999979000539
61,17.70199998281896,0.04600000102072954,17.65599998179823
62,16.41600002767518,0.04499999340623617,16.371000034268945
63,16.816999996080995,0.16599998343735933,16.651000012643635
64,15.054999967105687,0.05199998850002885,15.002999978605658
65,17.876000027172267,0.14900002861395478,17.726999998558313
66,16.989000025205314,0.058999983593821526,16.930000041611493
67,16.253999958280474,0.0439999857917428,16.20999997248873
68,16.833000001497567,0.05200004670768976,16.780999954789877
69,16.847999999299645,0.05100003909319639,16.79699996020645
70,15.914999996311963,0.05100003909319639,15.863999957218766
71,17.57500000530854,0.04700000863522291,17.527999996673316
72,15.943000034894794,0.040000013541430235,15.903000021353364
73,17.5539999618195,0.13599998783320189,17.417999973986298
74,15.958000032696873,0.063000014051795,15.895000018645078
75,16.60899998387322,0.056999968364834785,16.552000015508384
76,17.066999978851527,0.057999975979328156,17.0090000028722
77,16.52300002751872,0.05200004670768976,16.47099998081103
78,15.75399999273941,0.04700000863522291,15.706999984104186
79,16.688000003341585,0.04600000102072954,16.642000002320856
80,16.925000003539026,0.04899996565654874,16.876000037882477
81,15.93900000443682,0.15499995788559318,15.784000046551228
82,18.548999971244484,0.3349999897181988,18.213999981526285
83,15.818000014405698,0.05600001895800233,15.761999995447695
84,15.926000021863729,0.14600000577047467,15.780000016093254
85,17.274999991059303,0.054999953135848045,17.220000037923455
86,17.906999972183257,0.19999995129182935,17.707000020891428
87,15.399000025354326,0.05600001895800233,15.343000006396323
88,17.35400001052767,0.172999978531152,17.18100003199652
89,16.725999943446368,0.185999961104244,16.539999982342124
90,16.201000020373613,0.06799999391660094,16.13300002645701
91,17.090999986976385,0.139000010676682,16.951999976299703
92,16.731999989133328,0.12600002810359,16.605999961029738
93,16.986000002361834,0.04900002386420965,16.936999978497624
94,15.829000039957464,0.04600000102072954,15.783000038936734
95,16.54499996220693,0.14099996769800782,16.403999994508922
96,16.989000025205314,0.14399999054148793,16.845000034663826
97,16.7539999820292,0.062000006437301636,16.691999975591898
98,16.64300000993535,0.06900000153109431,16.574000008404255
99,18.151999975088984,0.05500001134350896,18.096999963745475
100,14.293999993242323,0.04600000102072954,14.247999992221594
101,16.961000044830143,0.24100003065541387,16.72000001417473
102,15.909999958239496,0.055999960750341415,15.853999997489154
103,17.167999991215765,0.14100002590566874,17.026999965310097
104,17.634999996516854,0.10900001507252455,17.52599998144433
105,15.851000032853335,0.060999998822808266,15.790000034030527
106,16.914999985601753,0.14299998292699456,16.77200000267476
107,17.23399996990338,0.1419999753125012,17.09199999459088
108,15.599999984260648,0.05000003147870302,15.549999952781945
109,15.981000033207238,0.0570000265724957,15.924000006634742
110,17.231999954674393,0.060999998822808266,17.170999955851585
111,18.245000042952597,0.21100003505125642,18.03400000790134
112,16.105999995488673,0.062000006437301636,16.043999989051372
113,17.006999987643212,0.13999996008351445,16.867000027559698
114,15.38200001232326,0.324999971780926,15.057000040542334
115,16.628999961540103,0.32900000223889947,16.299999959301203
116,17.890000017359853,0.05299999611452222,17.83700002124533
117,15.30500000808388,0.05600001895800233,15.248999989125878
118,16.306000004988164,0.20299997413530946,16.103000030852854
119,18.68599996669218,0.04899996565654874,18.63700000103563
120,15.570999996270984,0.33599999733269215,15.234999998938292
121,16.660000022966415,0.04499999340623617,16.61500002956018
122,17.259999993257225,0.12399995466694236,17.136000038590282
123,15.354999981354922,0.3969999961555004,14.957999985199422
124,17.103999969549477,0.15199999324977398,16.951999976299703
125,17.761000024620444,0.05800003418698907,17.702999990433455
126,16.248999978415668,0.04999997327104211,16.199000005144626
127,17.269000003580004,0.05600001895800233,17.212999984622
128,15.600999991875142,0.05500001134350896,15.545999980531633
129,17.539000022225082,0.04499999340623617,17.494000028818846
130,16.683999972883612,0.22599997464567423,16.457999998237938
131,16.987000009976327,0.062000006437301636,16.925000003539026
132,15.346999978646636,0.19799999427050352,15.148999984376132
133,17.426000034902245,0.33000000985339284,17.096000025048852
134,16.833000001497567,0.32699998700991273,16.506000014487654
135,15.937999996822327,0.04999997327104211,15.888000023551285
136,17.43099995655939,0.13599998783320189,17.294999968726188
137,14.997999998740852,0.2209999947808683,14.777000003959984
138,18.36899999761954,0.139000010676682,18.229999986942858
139,16.403999994508922,0.04600000102072954,16.357999993488193
140,17.454000015277416,0.045000051613897085,17.40899996366352
141,14.873999985866249,0.11299998732283711,14.760999998543411
142,16.875000030267984,0.14000001829117537,16.73500001197681
143,16.677999985404313,0.054999953135848045,16.623000032268465
144,17.351999995298684,0.040000013541430235,17.311999981757253
145,16.472999996040016,0.04999997327104211,16.423000022768974
146,16.543000005185604,0.1480000209994614,16.394999984186143
147,15.963000012561679,0.06799999391660094,15.895000018645078
148,16.214000002946705,0.14300004113465548,16.07099996181205
149,18.54800002183765,0.15100004384294152,18.39699997799471
150,16.805000021122396,0.20900001982226968,16.596000001300126
151,15.85899997735396,0.058999983593821526,15.799999993760139
152,17.29500002693385,0.14999997802078724,17.14500004891306
153,15.060000005178154,0.4270000499673188,14.632999955210835
154,17.930000030901283,0.05299999611452222,17.87700003478676
155,17.00599998002872,0.1419999753125012,16.864000004716218
156,16.248000029008836,0.14299998292699456,16.10500004608184
157,16.563999990466982,0.05299999611452222,16.51099999435246
158,16.869999992195517,0.04999997327104211,16.820000018924475
159,16.482000006362796,0.04700000863522291,16.434999997727573
160,16.983999987132847,0.04199997056275606,16.94200001657009
161,17.470000020693988,0.04800001624971628,17.42200000444427
162,14.86799999838695,0.057999975979328156,14.810000022407621
163,16.854999994393438,0.139000010676682,16.715999983716756
164,17.52900000428781,0.056999968364834785,17.472000035922974
165,15.928999986499548,0.07899996126070619,15.850000025238842
166,16.844999976456165,0.05199998850002885,16.792999987956136
167,17.12299999780953,0.14399999054148793,16.97900000726804
168,15.778000000864267,0.13699999544769526,15.641000005416572
169,17.50400004675612,0.05100003909319639,17.453000007662922
170,17.262999957893044,0.05299999611452222,17.20999996177852
171,16.490000009071082,0.043000036384910345,16.44699997268617
172,16.750000009778887,0.042000028770416975,16.70799998100847
173,15.98799997009337,0.16200001118704677,15.825999958906323
174,17.743000003974885,0.044000043999403715,17.69899995997548
175,15.866000030655414,0.13800000306218863,15.728000027593225
176,17.013999982737005,0.03999995533376932,16.974000027403235
177,16.32599998265505,0.1449999981559813,16.180999984499067
178,16.850000014528632,0.060999998822808266,16.789000015705824
179,16.767000022809952,0.04499999340623617,16.722000029403716
180,15.78499999595806,0.054999953135848045,15.730000042822212
181,17.68000004813075,0.139000010676682,17.54100003745407
182,16.268999956082553,0.055999960750341415,16.21299999533221
183,15.217000036500394,0.05100003909319639,15.165999997407198
184,17.92899996507913,0.1419999753125012,17.786999989766628
185,17.15999998850748,0.06900000153109431,17.090999986976385
186,15.134999994188547,0.30200002947822213,14.832999964710325
187,17.710000043734908,0.15600002370774746,17.55400002002716
188,17.032999952789396,0.05299999611452222,16.979999956674874
189,15.857000020332634,0.05100003909319639,15.805999981239438
190,17.081999976653606,0.06399996345862746,17.01800001319498
191,16.512000001966953,0.1420000335201621,16.36999996844679
192,16.54799998505041,0.05800003418698907,16.48999995086342
193,17.18400005484,0.039000005926936865,17.14500004891306
194,15.992999949958175,0.05099998088553548,15.94199996907264
195,17.038000049069524,0.14700001338496804,16.891000035684556
196,16.31100004306063,0.05400000372901559,16.257000039331615
197,17.24899996770546,0.03999995533376932,17.20900001237169
198,16.522000019904226,0.19799999427050352,16.324000025633723
199,16.70499995816499,0.3409999771974981,16.363999980967492
200,17.05500000389293,0.05000003147870302,17.004999972414225
201,16.87700004549697,0.4420000477693975,16.434999997727573
202,15.366000006906688,0.06799999391660094,15.298000012990087
203,17.303999979048967,0.11399999493733048,17.189999984111637
204,16.344000003300607,0.04700000863522291,16.296999994665384
205,17.370999965351075,0.04199997056275606,17.32899999478832
206,16.242000041529536,0.20100001711398363,16.041000024415553
207,17.05199998104945,0.04999997327104211,17.002000007778406
208,15.756000007968396,0.056999968364834785,15.699000039603561
209,17.32300000730902,0.13399997260421515,17.189000034704804
210,16.429999959655106,0.1919999485835433,16.238000011071563
211,16.538000025320798,0.05800003418698907,16.47999999113381
212,17.01800001319498,0.04299997817724943,16.97500003501773
213,17.088000022340566,0.1770000089891255,16.91100001335144
214,15.26499999454245,0.3310000174678862,14.933999977074564
215,18.02100002532825,0.14399999054148793,17.87700003478676
216,16.419999999925494,0.2770000137388706,16.142999986186624
217,16.622999974060804,0.057999975979328156,16.564999998081475
218,16.432000033091754,0.04900002386420965,16.383000009227544
219,16.961999994236976,0.05400000372901559,16.90799999050796
220,17.070000001695007,0.04899996565654874,17.02100003603846
221,16.314999957103282,0.04299997817724943,16.271999978926033
222,15.243000001646578,0.3320000250823796,14.910999976564199
223,17.15400000102818,0.05600001895800233,17.097999982070178
224,17.08300004247576,0.04600000102072954,17.03700004145503
225,17.12899998528883,0.04799995804205537,17.081000027246773
226,16.51699998183176,0.04700000863522291,16.469999973196536
227,17.022999993059784,0.04999997327104211,16.973000019788742
228,15.330999973230064,0.04499999340623617,15.285999979823828
229,17.75699999416247,0.3279999946244061,17.428999999538064
230,16.72600000165403,0.33300003269687295,16.392999968957156
231,17.04599999357015,0.045000051613897085,17.000999941956252
232,16.264000034425408,0.18400000408291817,16.08000003034249
233,15.764000010676682,0.13800000306218863,15.626000007614493
234,17.24999997531995,0.05199998850002885,17.197999986819923
235,15.718000009655952,0.1700000138953328,15.54799999576062
236,18.329999991692603,0.14000001829117537,18.189999973401427
237,14.763000013772398,0.04900002386420965,14.713999989908189
238,17.783999966923147,0.14700001338496804,17.63699995353818
239,16.82800002163276,0.07000000914558768,16.758000012487173
