driver,count,trial,compact,submit_ms,completed_ms,batches,vertices
metal,1000,0,0,0.032969483333333334,0.1381291666666667,1,6000
metal,1000,0,1,0.018590883333333332,0.08671388333333334,1,6000
metal,1000,1,1,0.019088216666666664,0.09422708333333334,1,6000
metal,1000,1,0,0.03285626666666667,0.12366805,1,6000
metal,1000,2,0,0.03131938333333333,0.10186318333333334,1,6000
metal,1000,2,1,0.0192986,0.09182291666666667,1,6000
metal,1000,3,1,0.018563133333333332,0.07814028333333334,1,6000
metal,1000,3,0,0.03146745,0.09441805,1,6000
metal,10000,0,0,0.31264101666666666,0.5175020833333334,8,60000
metal,10000,0,1,0.18384936666666668,0.35106736666666666,3,60000
metal,10000,1,1,0.18357365,0.29160625,3,60000
metal,10000,1,0,0.3057687333333333,0.5596423500000001,8,60000
metal,10000,2,0,0.3053965166666667,0.4347069333333333,8,60000
metal,10000,2,1,0.18426535,0.39115625,3,60000
metal,10000,3,1,0.18268543333333334,0.2893868,3,60000
metal,10000,3,0,0.30460211666666664,0.5033604166666666,8,60000
metal,40000,0,0,1.3641631833333332,1.5377708333333333,30,240000
metal,40000,0,1,0.7379465333333334,1.2112291666666666,10,240000
metal,40000,1,1,0.7476507666666666,1.1957965333333334,10,240000
metal,40000,1,0,1.3715444333333333,1.5750972333333333,30,240000
metal,40000,2,0,1.3449784,1.5361222166666666,30,240000
metal,40000,2,1,0.7384256833333332,1.2322861166666668,10,240000
metal,40000,3,1,0.7390986166666667,1.1007173666666668,10,240000
metal,40000,3,0,1.3411584166666666,1.5809486,30,240000
