Backend: metal; in-flight limit: 3; native isolated benchmark, not Max2D application timings
scene,count,trial,path,pack_ms,submit_ms,completed_ms,upload_bytes
coverage,1000,0,expanded,0.007315,0.014635,0.091944,192000
coverage,1000,0,compact,0.001601,0.010593,0.122518,64000
coverage,1000,1,compact,0.001565,0.010418,0.095872,64000
coverage,1000,1,expanded,0.007153,0.011881,0.085478,192000
coverage,1000,2,expanded,0.006844,0.011157,0.126904,192000
coverage,1000,2,compact,0.001540,0.008907,0.074889,64000
coverage,1000,3,compact,0.001558,0.008817,0.074875,64000
coverage,1000,3,expanded,0.006935,0.011664,0.100744,192000
coverage,10000,0,expanded,0.073758,0.042112,0.216650,1920000
coverage,10000,0,compact,0.014639,0.017022,0.129303,640000
coverage,10000,1,compact,0.015358,0.017488,0.126862,640000
coverage,10000,1,expanded,0.069293,0.031880,0.177864,1920000
coverage,10000,2,expanded,0.068038,0.031399,0.176957,1920000
coverage,10000,2,compact,0.014489,0.017106,0.110504,640000
coverage,10000,3,compact,0.014346,0.015725,0.125651,640000
coverage,10000,3,expanded,0.070114,0.033367,0.163078,1920000
coverage,40000,0,expanded,0.266541,0.136546,0.744183,7680000
coverage,40000,0,compact,0.058938,0.040918,0.234800,2560000
coverage,40000,1,compact,0.059749,0.040099,0.216037,2560000
coverage,40000,1,expanded,0.258349,0.110765,0.458632,7680000
coverage,40000,2,expanded,0.254278,0.104554,0.604429,7680000
coverage,40000,2,compact,0.057771,0.040478,0.226565,2560000
coverage,40000,3,compact,0.057201,0.039714,0.219853,2560000
coverage,40000,3,expanded,0.258810,0.106803,0.470975,7680000
sprites,1000,0,expanded,0.007187,0.011008,0.119429,192000
sprites,1000,0,compact,0.001614,0.009410,0.070528,64000
sprites,1000,1,compact,0.001582,0.008753,0.077628,64000
sprites,1000,1,expanded,0.007251,0.011317,0.129710,192000
sprites,1000,2,expanded,0.007065,0.010628,0.073231,192000
sprites,1000,2,compact,0.001574,0.008435,0.076118,64000
sprites,1000,3,compact,0.001564,0.008656,0.079387,64000
sprites,1000,3,expanded,0.006960,0.010644,0.074897,192000
sprites,10000,0,expanded,0.069291,0.032400,0.168407,1920000
sprites,10000,0,compact,0.014593,0.015828,0.115371,640000
sprites,10000,1,compact,0.014242,0.016028,0.119933,640000
sprites,10000,1,expanded,0.067107,0.033138,0.167786,1920000
sprites,10000,2,expanded,0.067968,0.033901,0.157899,1920000
sprites,10000,2,compact,0.014926,0.016542,0.110242,640000
sprites,10000,3,compact,0.014061,0.016607,0.112278,640000
sprites,10000,3,expanded,0.065415,0.033685,0.156643,1920000
sprites,40000,0,expanded,0.260436,0.123229,0.763168,7680000
sprites,40000,0,compact,0.067579,0.039431,0.301468,2560000
sprites,40000,1,compact,0.056418,0.037744,0.299546,2560000
sprites,40000,1,expanded,0.257044,0.103132,0.484056,7680000
sprites,40000,2,expanded,0.254171,0.102649,0.484551,7680000
sprites,40000,2,compact,0.057185,0.039369,0.301025,2560000
sprites,40000,3,compact,0.058556,0.038935,0.342404,2560000
sprites,40000,3,expanded,0.255426,0.101508,0.487187,7680000
tiles,1000,0,expanded,0.007132,0.010892,0.080085,192000
tiles,1000,0,compact,0.001568,0.008343,0.073160,64000
tiles,1000,1,compact,0.001550,0.008843,0.069663,64000
tiles,1000,1,expanded,0.007128,0.010425,0.075888,192000
tiles,1000,2,expanded,0.007100,0.010853,0.089133,192000
tiles,1000,2,compact,0.001589,0.008528,0.070047,64000
tiles,1000,3,compact,0.001586,0.008226,0.076540,64000
tiles,1000,3,expanded,0.007057,0.010464,0.071739,192000
tiles,10000,0,expanded,0.067114,0.030218,0.240324,1920000
tiles,10000,0,compact,0.014387,0.015646,0.209596,640000
tiles,10000,1,compact,0.014556,0.016167,0.195565,640000
tiles,10000,1,expanded,0.069089,0.030728,0.242489,1920000
tiles,10000,2,expanded,0.067701,0.030837,0.241114,1920000
tiles,10000,2,compact,0.014374,0.016004,0.192483,640000
tiles,10000,3,compact,0.014417,0.015576,0.201967,640000
tiles,10000,3,expanded,0.067425,0.030556,0.229108,1920000
tiles,40000,0,expanded,0.255839,0.111851,0.757836,7680000
tiles,40000,0,compact,0.059968,0.050015,0.662026,2560000
tiles,40000,1,compact,0.061672,0.049382,0.695889,2560000
tiles,40000,1,expanded,0.272818,0.131042,0.825500,7680000
tiles,40000,2,expanded,0.272686,0.122940,0.778090,7680000
tiles,40000,2,compact,0.058904,0.051718,0.657442,2560000
tiles,40000,3,compact,0.059225,0.050088,0.673156,2560000
tiles,40000,3,expanded,0.272728,0.116299,0.766736,7680000
All nine pixel comparisons passed.
